Year,distPV,csp,utilityPV
2005,404.51687,400.4,8.3
2010,1459.11,558.6,409.7
2015,9831.102,1878.4,11744.6
2020,32813.30627,1932.587,41127.18532