Year,distPV,utilityPV,csp
2005,404.51687,8.3,400.4
2010,1459.11,409.7,558.6
2015,9831.102,11744.6,1878.4
2020,32813.30627,41127.18532,1932.587